badwords,isbad,,,,,,,,,
ㅅㅂㄹㅁ,1,,,,,,,,,
ㅆㅂㄹㅁ,1,,,,,,,,,
ㅆㅍ,1,,,,,,,,,
ㅆ앙,1,,,,,,,,,
凸,1,,,,,,,,,
갈보,1,,,,,,,,,
갈보년,1,,,,,,,,,
같은년 ,1,,,,,,,,,
같은뇬,1,,,,,,,,,
색스,1,,,,,,,,,
개같은,1,,,,,,,,,
개구라,1,,,,,,,,,
개년,1,,,,,,,,,
개놈,1,,,,,,,,,
개뇬,1,,,,,,,,,
개대중,1,,,,,,,,,
개독,1,,,,,,,,,
개돼중,1,,,,,,,,,
개랄,1,,,,,,,,,
개보지,1,,,,,,,,,
개뻥,1,,,,,,,,,
개뿔,1,,,,,,,,,
개새,1,,,,,,,,,
개새기,1,,,,,,,,,
개새끼,1,,,,,,,,,
개새키,1,,,,,,,,,
개색기,1,,,,,,,,,
개색끼,1,,,,,,,,,
개색키,1,,,,,,,,,
개색히,1,,,,,,,,,
개섀끼,1,,,,,,,,,
개세,1,,,,,,,,,
개세끼,1,,,,,,,,,
개세이,1,,,,,,,,,
개소리,1,,,,,,,,,
개쑈,1,,,,,,,,,
개쇳기,1,,,,,,,,,
개수작,1,,,,,,,,,
개쉐,1,,,,,,,,,
개쉐리,1,,,,,,,,,
개쉐이,1,,,,,,,,,
개쉑,1,,,,,,,,,
개쉽,1,,,,,,,,,
개스끼,1,,,,,,,,,
개시키,1,,,,,,,,,
개십새기,1,,,,,,,,,
개십새끼,1,,,,,,,,,
개씹,1,,,,,,,,,
개아들,1,,,,,,,,,
개자슥,1,,,,,,,,,
개자지,1,,,,,,,,,
개접,1,,,,,,,,,
개좆,1,,,,,,,,,
개좌식,1,,,,,,,,,
개허접,1,,,,,,,,,
걔새,1,,,,,,,,,
걔수작,1,,,,,,,,,
걔시끼,1,,,,,,,,,
걔시키,1,,,,,,,,,
게색기,1,,,,,,,,,
게색끼,1,,,,,,,,,
광뇬,1,,,,,,,,,
구라,1,,,,,,,,,
그년,1,,,,,,,,,
그새끼,1,,,,,,,,,
놈현,1,,,,,,,,,
뇬,1,,,,,,,,,
눈깔,1,,,,,,,,,
뉘미럴,1,,,,,,,,,
니귀미,1,,,,,,,,,
니기미,1,,,,,,,,,
니미,1,,,,,,,,,
니미랄,1,,,,,,,,,
니미럴,1,,,,,,,,,
니미씹,1,,,,,,,,,
니아배,1,,,,,,,,,
니아베,1,,,,,,,,,
니아비,1,,,,,,,,,
니어매,1,,,,,,,,,
니어메,1,,,,,,,,,
니어미,1,,,,,,,,,
닝기리,1,,,,,,,,,
닝기미,1,,,,,,,,,
대가리,1,,,,,,,,,
뎡신,1,,,,,,,,,
도라이,1,,,,,,,,,
돈놈,1,,,,,,,,,
돌아이,1,,,,,,,,,
돌은놈,1,,,,,,,,,
되질래,1,,,,,,,,,
뒈져,1,,,,,,,,,
뒈져라,1,,,,,,,,,
뒈진,1,,,,,,,,,
뒈진다,1,,,,,,,,,
뒈질,1,,,,,,,,,
뒤질래,1,,,,,,,,,
등신,1,,,,,,,,,
디져라,1,,,,,,,,,
디진다,1,,,,,,,,,
디질래,1,,,,,,,,,
딩시,1,,,,,,,,,
따식,1,,,,,,,,,
때놈,1,,,,,,,,,
또라이,1,,,,,,,,,
똘아이,1,,,,,,,,,
똘아이,1,,,,,,,,,
뙈놈,1,,,,,,,,,
뙤놈,1,,,,,,,,,
뙨넘,1,,,,,,,,,
뙨놈,1,,,,,,,,,
뚜쟁,1,,,,,,,,,
띠바,1,,,,,,,,,
띠발,1,,,,,,,,,
띠불,1,,,,,,,,,
띠팔,1,,,,,,,,,
메친넘,1,,,,,,,,,
메친놈,1,,,,,,,,,
미췬,1,,,,,,,,,
미췬,1,,,,,,,,,
미친,1,,,,,,,,,
미친넘,1,,,,,,,,,
미친년,1,,,,,,,,,
미친놈,1,,,,,,,,,
미친새끼,1,,,,,,,,,
미친스까이,1,,,,,,,,,
미틴,1,,,,,,,,,
미틴넘,1,,,,,,,,,
미틴년,1,,,,,,,,,
미틴놈,1,,,,,,,,,
바랄년,1,,,,,,,,,
병자,1,,,,,,,,,
뱅마,1,,,,,,,,,
뱅신,1,,,,,,,,,
벼엉신,1,,,,,,,,,
병쉰,1,,,,,,,,,
병신,1,,,,,,,,,
부랄,1,,,,,,,,,
부럴,1,,,,,,,,,
불알,1,,,,,,,,,
불할,1,,,,,,,,,
붕가,1,,,,,,,,,
붙어먹,1,,,,,,,,,
뷰웅,1,,,,,,,,,
븅,1,,,,,,,,,
븅신,1,,,,,,,,,
빌어먹,1,,,,,,,,,
빙시,1,,,,,,,,,
빙신,1,,,,,,,,,
빠가,1,,,,,,,,,
빠구리,1,,,,,,,,,
빠굴,1,,,,,,,,,
빠큐,1,,,,,,,,,
뻐큐,1,,,,,,,,,
뻑큐,1,,,,,,,,,
뽁큐,1,,,,,,,,,
상넘이,1,,,,,,,,,
상놈을,1,,,,,,,,,
상놈의,1,,,,,,,,,
상놈이,1,,,,,,,,,
새갸,1,,,,,,,,,
새꺄,1,,,,,,,,,
새끼,1,,,,,,,,,
새새끼,1,,,,,,,,,
새키,1,,,,,,,,,
색끼,1,,,,,,,,,
생쑈,1,,,,,,,,,
세갸,1,,,,,,,,,
세꺄,1,,,,,,,,,
세끼,1,,,,,,,,,
섹스,1,,,,,,,,,
쇼하네,1,,,,,,,,,
쉐,1,,,,,,,,,
쉐기,1,,,,,,,,,
쉐끼,1,,,,,,,,,
쉐리,1,,,,,,,,,
쉐에기,1,,,,,,,,,
쉐키,1,,,,,,,,,
쉑,1,,,,,,,,,
쉬발,1,,,,,,,,,
쉬밸,1,,,,,,,,,
쉬벌,1,,,,,,,,,
쉬뻘,1,,,,,,,,,
쉬펄,1,,,,,,,,,
쉽알,1,,,,,,,,,
스패킹,1,,,,,,,,,
스팽,1,,,,,,,,,
시궁창,1,,,,,,,,,
시끼,1,,,,,,,,,
시댕,1,,,,,,,,,
시뎅,1,,,,,,,,,
시랄,1,,,,,,,,,
시발,1,,,,,,,,,
시벌,1,,,,,,,,,
시부랄,1,,,,,,,,,
시부럴,1,,,,,,,,,
시부리,1,,,,,,,,,
시불,1,,,,,,,,,
시브랄,1,,,,,,,,,
시팍,1,,,,,,,,,
시팔,1,,,,,,,,,
시펄,1,,,,,,,,,
신발끈,1,,,,,,,,,
심발끈,1,,,,,,,,,
심탱,1,,,,,,,,,
십8,1,,,,,,,,,
십라,1,,,,,,,,,
십새,1,,,,,,,,,
십새끼,1,,,,,,,,,
십세,1,,,,,,,,,
십쉐,1,,,,,,,,,
십쉐이,1,,,,,,,,,
십스키,1,,,,,,,,,
십쌔,1,,,,,,,,,
십창,1,,,,,,,,,
십탱,1,,,,,,,,,
싶알,1,,,,,,,,,
싸가지,1,,,,,,,,,
싹아지,1,,,,,,,,,
쌉년,1,,,,,,,,,
쌍넘,1,,,,,,,,,
쌍년,1,,,,,,,,,
쌍놈,1,,,,,,,,,
쌍뇬,1,,,,,,,,,
쌔끼,1,,,,,,,,,
쌕,1,,,,,,,,,
쌩쑈,1,,,,,,,,,
썅,1,,,,,,,,,
썅년,1,,,,,,,,,
썅놈,1,,,,,,,,,
써벌,1,,,,,,,,,
썩을년,1,,,,,,,,,
썩을놈,1,,,,,,,,,
쎄꺄,1,,,,,,,,,
쎄엑,1,,,,,,,,,
쒸벌,1,,,,,,,,,
쒸뻘,1,,,,,,,,,
쒸팔,1,,,,,,,,,
쒸펄,1,,,,,,,,,
쓰바,1,,,,,,,,,
쓰박,1,,,,,,,,,
쓰발,1,,,,,,,,,
쓰벌,1,,,,,,,,,
쓰팔,1,,,,,,,,,
씁새,1,,,,,,,,,
씁얼,1,,,,,,,,,
씌파,1,,,,,,,,,
씨8,1,,,,,,,,,
씨끼,1,,,,,,,,,
씨댕,1,,,,,,,,,
씨뎅,1,,,,,,,,,
씨바,1,,,,,,,,,
씨바랄,1,,,,,,,,,
씨박,1,,,,,,,,,
씨발,1,,,,,,,,,
씨방,1,,,,,,,,,
씨방새,1,,,,,,,,,
씨방세,1,,,,,,,,,
씨밸,1,,,,,,,,,
씨뱅,1,,,,,,,,,
씨벌,1,,,,,,,,,
씨벨,1,,,,,,,,,
씨봉,1,,,,,,,,,
씨봉알,1,,,,,,,,,
씨부랄,1,,,,,,,,,
씨부럴,1,,,,,,,,,
씨부렁,1,,,,,,,,,
씨부리,1,,,,,,,,,
씨불,1,,,,,,,,,
씨붕,1,,,,,,,,,
씨브랄,1,,,,,,,,,
씨빠,1,,,,,,,,,
씨빨,1,,,,,,,,,
씨뽀랄,1,,,,,,,,,
씨앙,1,,,,,,,,,
씨파,1,,,,,,,,,
씨팍,1,,,,,,,,,
씨팔,1,,,,,,,,,
씨펄,1,,,,,,,,,
씸년,1,,,,,,,,,
씸뇬,1,,,,,,,,,
씸새끼,1,,,,,,,,,
씹같,1,,,,,,,,,
씹년,1,,,,,,,,,
씹뇬,1,,,,,,,,,
씹보지,1,,,,,,,,,
씹새,1,,,,,,,,,
씹새기,1,,,,,,,,,
씹새끼,1,,,,,,,,,
씹새리,1,,,,,,,,,
씹세,1,,,,,,,,,
씹쉐,1,,,,,,,,,
씹스키,1,,,,,,,,,
씹쌔,1,,,,,,,,,
씹이,1,,,,,,,,,
씹자지,1,,,,,,,,,
씹질,1,,,,,,,,,
씹창,1,,,,,,,,,
씹탱,1,,,,,,,,,
씹팔,1,,,,,,,,,
씹할,1,,,,,,,,,
씹헐,1,,,,,,,,,
아가리,1,,,,,,,,,
아갈,1,,,,,,,,,
아갈이,1,,,,,,,,,
아갈통,1,,,,,,,,,
아구창,1,,,,,,,,,
아구통,1,,,,,,,,,
아굴,1,,,,,,,,,
얌마,1,,,,,,,,,
양넘,1,,,,,,,,,
양년,1,,,,,,,,,
양놈,1,,,,,,,,,
엄창,1,,,,,,,,,
엠병,1,,,,,,,,,
여물통,1,,,,,,,,,
염병,1,,,,,,,,,
엿같,1,,,,,,,,,
옘병,1,,,,,,,,,
옘빙,1,,,,,,,,,
오입,1,,,,,,,,,
왜년,1,,,,,,,,,
왜놈,1,,,,,,,,,
욤병,1,,,,,,,,,
육갑,1,,,,,,,,,
은년,1,,,,,,,,,
을년,1,,,,,,,,,
이년,1,,,,,,,,,
이새끼,1,,,,,,,,,
이새키,1,,,,,,,,,
이스끼,1,,,,,,,,,
이스키,1,,,,,,,,,
임마,1,,,,,,,,,
자슥,1,,,,,,,,,
잡것,1,,,,,,,,,
잡넘,1,,,,,,,,,
잡년,1,,,,,,,,,
잡놈,1,,,,,,,,,
저년,1,,,,,,,,,
저새끼,1,,,,,,,,,
접년,1,,,,,,,,,
젖밥,1,,,,,,,,,
조까,1,,,,,,,,,
조까치,1,,,,,,,,,
조낸,1,,,,,,,,,
조또,1,,,,,,,,,
조랭,1,,,,,,,,,
조빠,1,,,,,,,,,
조쟁이,1,,,,,,,,,
조지냐,1,,,,,,,,,
조진다,1,,,,,,,,,
조찐,1,,,,,,,,,
조질래,1,,,,,,,,,
존나,1,,,,,,,,,
존나게,1,,,,,,,,,
존니,1,,,,,,,,,
존만,1,,,,,,,,,
존만한,1,,,,,,,,,
좀물,1,,,,,,,,,
좁년,1,,,,,,,,,
좆,1,,,,,,,,,
좁밥,1,,,,,,,,,
좃까,1,,,,,,,,,
좃또,1,,,,,,,,,
좃만,1,,,,,,,,,
좃밥,1,,,,,,,,,
좃이,1,,,,,,,,,
좃찐,1,,,,,,,,,
좆같,1,,,,,,,,,
좆까,1,,,,,,,,,
좆나,1,,,,,,,,,
좆또,1,,,,,,,,,
좆만,1,,,,,,,,,
좆밥,1,,,,,,,,,
좆이,1,,,,,,,,,
좆찐,1,,,,,,,,,
좇같,1,,,,,,,,,
좇이,1,,,,,,,,,
좌식,1,,,,,,,,,
주글,1,,,,,,,,,
주글래,1,,,,,,,,,
주데이,1,,,,,,,,,
주뎅,1,,,,,,,,,
주뎅이,1,,,,,,,,,
주둥아리,1,,,,,,,,,
주둥이,1,,,,,,,,,
주접,1,,,,,,,,,
주접떨,1,,,,,,,,,
죽고잡,1,,,,,,,,,
죽을래,1,,,,,,,,,
죽통,1,,,,,,,,,
쥐랄,1,,,,,,,,,
쥐롤,1,,,,,,,,,
쥬디,1,,,,,,,,,
지랄,1,,,,,,,,,
지럴,1,,,,,,,,,
지롤,1,,,,,,,,,
지미랄,1,,,,,,,,,
짜식,1,,,,,,,,,
짜아식,1,,,,,,,,,
쪼다,1,,,,,,,,,
쫍빱,1,,,,,,,,,
찌랄,1,,,,,,,,,
창녀,1,,,,,,,,,
캐년,1,,,,,,,,,
캐놈,1,,,,,,,,,
캐스끼,1,,,,,,,,,
캐스키,1,,,,,,,,,
캐시키,1,,,,,,,,,
탱구,1,,,,,,,,,
팔럼,1,,,,,,,,,
퍽큐,1,,,,,,,,,
호로,1,,,,,,,,,
호로놈,1,,,,,,,,,
호로새끼,1,,,,,,,,,
호로색,1,,,,,,,,,
호로쉑,1,,,,,,,,,
호로스까이,1,,,,,,,,,
호로스키,1,,,,,,,,,
후라들,1,,,,,,,,,
후래자식,1,,,,,,,,,
후레,1,,,,,,,,,
후뢰,1,,,,,,,,,
씨ㅋ발,1,,,,,,,,,
ㅆ1발,1,,,,,,,,,
씌발,1,,,,,,,,,
띠발,1,,,,,,,,,
띄발,1,,,,,,,,,
뛰발,1,,,,,,,,,
띠ㅋ발,1,,,,,,,,,
뉘뮈,1,,,,,,,,,
패드립,1,,,,,,,,,
지랄하네,1,,,,,,,,,
간나새끼,1,,,,,,,,,
개간년,1,,,,,,,,,
개나리,1,,,,,,,,,
개년,1,,,,,,,,,
개새끼,1,,,,,,,,,
개쓰레기,1,,,,,,,,,
개소리,1,,,,,,,,,
개씨발,1,,,,,,,,,
개씹,1,,,,,,,,,
개지랄,1,,,,,,,,,
개족새,1,,,,,,,,,
개차반,1,,,,,,,,,
거렁뱅이,1,,,,,,,,,
고자,1,,,,,,,,,
광녀,1,,,,,,,,,
그지깽깽이,1,,,,,,,,,
급식충,1,,,,,,,,,
김치녀,1,,,,,,,,,
꺼벙이,1,,,,,,,,,
꺼저,1,,,,,,,,,
꼬걸,1,,,,,,,,,
꼬붕,1,,,,,,,,,
꼴통,1,,,,,,,,,
연놈,1,,,,,,,,,
틀딱충,1,,,,,,,,,
논다니,1,,,,,,,,,
느개비,1,,,,,,,,,
느금마,1,,,,,,,,,
니미럴,1,,,,,,,,,
니기미,1,,,,,,,,,
니상년,1,,,,,,,,,
나가뒤져,1,,,,,,,,,
니미뽕,1,,,,,,,,,
닥쳐,1,,,,,,,,,
닭대가리,1,,,,,,,,,
돼지새끼,1,,,,,,,,,
되놈,1,,,,,,,,,
뒈지다,1,,,,,,,,,
등신,1,,,,,,,,,
따까리,1,,,,,,,,,
딸딸이,1,,,,,,,,,
땡중,1,,,,,,,,,
떨거지,1,,,,,,,,,
또라이,1,,,,,,,,,
똘마니,1,,,,,,,,,
똘추,1,,,,,,,,,
똥개,1,,,,,,,,,
띨빵,1,,,,,,,,,
레기,1,,,,,,,,,
루저,1,,,,,,,,,
렉카충,1,,,,,,,,,
ㅁㅈㅎ,1,,,,,,,,,
맘충,1,,,,,,,,,
매국노,1,,,,,,,,,
머저리,1,,,,,,,,,
먹사,1,,,,,,,,,
멍청도,1,,,,,,,,,
멍청이,1,,,,,,,,,
메갈,1,,,,,,,,,
모자라다,1,,,,,,,,,
무뇌,1,,,,,,,,,
미치광이,1,,,,,,,,,
미친개,1,,,,,,,,,
미친년,1,,,,,,,,,
미친놈,1,,,,,,,,,
미친새끼,1,,,,,,,,,
미친,1,,,,,,,,,
바보,1,,,,,,,,,
바보멍청이해삼멍게말미잘,1,,,,,,,,,
버러지,1,,,,,,,,,
병신,1,,,,,,,,,
병신따까리,1,,,,,,,,,
벌레새끼,1,,,,,,,,,
보슬아치,1,,,,,,,,,
보전깨,1,,,,,,,,,
보지,1,,,,,,,,,
보지년,1,,,,,,,,,
보추,1,,,,,,,,,
불알,1,,,,,,,,,
불한당,1,,,,,,,,,
븅딱,1,,,,,,,,,
빌어먹을,1,,,,,,,,,
빠가,1,,,,,,,,,
빠돼쌍,1,,,,,,,,,
빨갱이,1,,,,,,,,,
빨통,1,,,,,,,,,
뻐큐,1,,,,,,,,,
삐꾸,1,,,,,,,,,
빡대가리,1,,,,,,,,,
상폐녀,1,,,,,,,,,
새끼,1,,,,,,,,,
십장생,1,,,,,,,,,
싸가지,1,,,,,,,,,
싸이코,1,,,,,,,,,
쌍욕,1,,,,,,,,,
쌍놈,1,,,,,,,,,
씹지랄,1,,,,,,,,,
썩을놈,1,,,,,,,,,
썅,1,,,,,,,,,
쓰레기,1,,,,,,,,,
씨발,1,,,,,,,,,
씨방새,1,,,,,,,,,
씨부랄,1,,,,,,,,,
씹,1,,,,,,,,,
씹새끼,1,,,,,,,,,
씹창,1,,,,,,,,,
씹년,1,,,,,,,,,
씹치남,1,,,,,,,,,
쑤비,1,,,,,,,,,
아다,1,,,,,,,,,
아가리,1,,,,,,,,,
애자,1,,,,,,,,,
애비충,1,,,,,,,,,
양놈,1,,,,,,,,,
양아치,1,,,,,,,,,
언년이,1,,,,,,,,,
얼간이,1,,,,,,,,,
엠창,1,,,,,,,,,
엠창인생,1,,,,,,,,,
옌장,1,,,,,,,,,
열폭,1,,,,,,,,,
염병,1,,,,,,,,,
엿먹다,1,,,,,,,,,
오랑캐,1,,,,,,,,,
오유충,1,,,,,,,,,
왜놈,1,,,,,,,,,
우라질,1,,,,,,,,,
운지,1,,,,,,,,,
워마드,1,,,,,,,,,
육갑떨다,1,,,,,,,,,
육변기,1,,,,,,,,,
육시럴,1,,,,,,,,,
인간쓰레기,1,,,,,,,,,
인조새,1,,,,,,,,,
일베충,1,,,,,,,,,
자지,1,,,,,,,,,
잡놈,1,,,,,,,,,
재수없다,1,,,,,,,,,
저능아,1,,,,,,,,,
정박이,1,,,,,,,,,
정신병자,1,,,,,,,,,
제기랄,1,,,,,,,,,
젠장,1,,,,,,,,,
졸라,1,,,,,,,,,
종간나새끼,1,,,,,,,,,
좆간나새끼,1,,,,,,,,,
좆,1,,,,,,,,,
좆같다,1,,,,,,,,,
좆까,1,,,,,,,,,
좆나,1,,,,,,,,,
좆도 아닌 (새끼),1,,,,,,,,,
좆망,1,,,,,,,,,
좆물,1,,,,,,,,,
좆밥,1,,,,,,,,,
좆만이,1,,,,,,,,,
좆대가리,1,,,,,,,,,
좆심,1,,,,,,,,,
좆집,1,,,,,,,,,
좆병신,1,,,,,,,,,
쥐새끼,1,,,,,,,,,
즐,1,,,,,,,,,
지기미,1,,,,,,,,,
지랄하네,1,,,,,,,,,
짭새,1,,,,,,,,,
짱깨,1,,,,,,,,,
쩌리,1,,,,,,,,,
쪼다,1,,,,,,,,,
쪽바리,1,,,,,,,,,
쫄보,1,,,,,,,,,
찌랭이,1,,,,,,,,,
찐,1,,,,,,,,,
찐따,1,,,,,,,,,
찌질이,1,,,,,,,,,
창녀,1,,,,,,,,,
천치,1,,,,,,,,,
촛불좀비,1,,,,,,,,,
최순실,1,,,,,,,,,
추남,1,,,,,,,,,
친일파,1,,,,,,,,,
코흘리개,1,,,,,,,,,
통구이,1,,,,,,,,,
트롤,1,,,,,,,,,
틀딱충,1,,,,,,,,,
튀기,1,,,,,,,,,
파쇼,1,,,,,,,,,
폐인,1,,,,,,,,,
폐녀자,1,,,,,,,,,
피싸개,1,,,,,,,,,
한남,1,,,,,,,,,
허접,1,,,,,,,,,
허접쓰레기,1,,,,,,,,,
호구,1,,,,,,,,,
호로자식,1,,,,,,,,,
호모,1,,,,,,,,,
홍어,1,,,,,,,,,
화냥년,1,,,,,,,,,
후장,1,,,,,,,,,
후빨,1,,,,,,,,,
10새끼,1,,,,,,,,,
10쎄끼,1,,,,,,,,,
10알,1,,,,,,,,,
10창,1,,,,,,,,,
10탱,1,,,,,,,,,
10탱아,1,,,,,,,,,
10팔,1,,,,,,,,,
10팔년,1,,,,,,,,,
10팔놈,1,,,,,,,,,
10팔연,1,,,,,,,,,
10할년,1,,,,,,,,,
10할연,1,,,,,,,,,
18넘,1,,,,,,,,,
18년,1,,,,,,,,,
18놈,1,,,,,,,,,1
18눔,1,,,,,,,,,
18늠,1,,,,,,,,,
18세끼,1,,,,,,,,,
18쉑끼,1,,,,,,,,,
18쎄리,1,,,,,,,,,
18쒜리,1,,,,,,,,,
18쒝끼,1,,,,,,,,,
18씨끼,1,,,,,,,,,
2c8,1,,,,,,,,,
2c팔,1,,,,,,,,,
갈보,1,,,,,,,,,
강간,1,,,,,,,,,
개넘,1,,,,,,,,,
개년,1,,,,,,,,,
개놈,1,,,,,,,,,
개뇬,1,,,,,,,,,
개눔,1,,,,,,,,,
개늠,1,,,,,,,,,
개때꺄,1,,,,,,,,,
개때끼,1,,,,,,,,,
개또라이,1,,,,,,,,,
개똥,1,,,,,,,,,
개보지,1,,,,,,,,,
개부랄,1,,,,,,,,,
개부럴,1,,,,,,,,,
개불알,1,,,,,,,,,
개새,1,,,,,,,,,
개새꺄,1,,,,,,,,,
개새끼,1,,,,,,,,,
개새리,1,,,,,,,,,
개새야,1,,,,,,,,,
개색,1,,,,,,,,,
개색기,1,,,,,,,,,
개색꺄,1,,,,,,,,,
개색끼,1,,,,,,,,,
개색히,1,,,,,,,,,
개샥,1,,,,,,,,,
개세,1,,,,,,,,,
개세끼,1,,,,,,,,,
개세이,1,,,,,,,,,
개섹,1,,,,,,,,,
개섺,1,,,,,,,,,
개셃,1,,,,,,,,,
개셋키,1,,,,,,,,,
개셐,1,,,,,,,,,
개소리,1,,,,,,,,,
개쇄끼,1,,,,,,,,,
개쇅,1,,,,,,,,,
개쇅갸,1,,,,,,,,,
개쇅기,1,,,,,,,,,
개쇅꺄,1,,,,,,,,,
개쇅끼,1,,,,,,,,,
개쇅캬,1,,,,,,,,,
개쇅키,1,,,,,,,,,
개쇗,1,,,,,,,,,
개쇗기,1,,,,,,,,,
개쇠리,1,,,,,,,,,
개쉐,1,,,,,,,,,
개쉐끼,1,,,,,,,,,
개쉐리,1,,,,,,,,,
개쉐이,1,,,,,,,,,
개쉑,1,,,,,,,,,
개쉑갸,1,,,,,,,,,
개쉑기,1,,,,,,,,,
개쉑꺄,1,,,,,,,,,
개쉑끼,1,,,,,,,,,
개쉑이,1,,,,,,,,,
개쉑캬,1,,,,,,,,,
개쉑키,1,,,,,,,,,
개쉑히,1,,,,,,,,,
개쉢,1,,,,,,,,,
개쉨,1,,,,,,,,,
개쉬끼,1,,,,,,,,,
개싀끼,1,,,,,,,,,
개싘,1,,,,,,,,,
개시퀴,1,,,,,,,,,
개시키,1,,,,,,,,,
개십팔,1,,,,,,,,,
개싯끼,1,,,,,,,,,
개싯키,1,,,,,,,,,
개싴,1,,,,,,,,,
개쌍넘,1,,,,,,,,,
개쌍년,1,,,,,,,,,
개쌍놈,1,,,,,,,,,
개쌔,1,,,,,,,,,
개쌔꺄,1,,,,,,,,,
개쌔끼,1,,,,,,,,,
개쌕,1,,,,,,,,,
개쌕끼,1,,,,,,,,,
개썅넘,1,,,,,,,,,
개썅년,1,,,,,,,,,
개썅놈,1,,,,,,,,,
개썅늠,1,,,,,,,,,
개썅연,1,,,,,,,,,
개쎅,1,,,,,,,,,
개쐐리,1,,,,,,,,,
개쒜,1,,,,,,,,,
개쒜끼,1,,,,,,,,,
개쒜리,1,,,,,,,,,
개쒝,1,,,,,,,,,
개쒝갸,1,,,,,,,,,
개쒝기,1,,,,,,,,,
개쒝꺄,1,,,,,,,,,
개쒝끼,1,,,,,,,,,
개쒝키,1,,,,,,,,,
개쒯,1,,,,,,,,,
개쒸,1,,,,,,,,,
개쒹기,1,,,,,,,,,
개씌끼,1,,,,,,,,,
개씨끼,1,,,,,,,,,
개씨발,1,,,,,,,,,
개씨팕,1,,,,,,,,,
개씹,1,,,,,,,,,
개씹창,1,,,,,,,,,
개씹팔,1,,,,,,,,,
개자슥,1,,,,,,,,,
개자싁,1,,,,,,,,,
개자식,1,,,,,,,,,
개자지,1,,,,,,,,,
개젓,1,,,,,,,,,
개젖,1,,,,,,,,,
개졋,1,,,,,,,,,
개졎,1,,,,,,,,,
개조또,1,,,,,,,,,
개조옷,1,,,,,,,,,
개족,1,,,,,,,,,
개좆,1,,,,,,,,,
개지랄,1,,,,,,,,,
개후레,1,,,,,,,,,
개후장,1,,,,,,,,,
거시기,1,,,,,,,,,
겁탈,1,,,,,,,,,
게넘,1,,,,,,,,,
게년,1,,,,,,,,,
게놈,1,,,,,,,,,
게뇬,1,,,,,,,,,
게뇽,1,,,,,,,,,
게눔,1,,,,,,,,,
게새끼,1,,,,,,,,,
게새리,1,,,,,,,,,
게색,1,,,,,,,,,
게색기,1,,,,,,,,,
게색끼,1,,,,,,,,,
게세,1,,,,,,,,,
게세꺄,1,,,,,,,,,
게세끼,1,,,,,,,,,
게섹,1,,,,,,,,,
게쉐,1,,,,,,,,,
게쉐이,1,,,,,,,,,
게시끼,1,,,,,,,,,
게시퀴,1,,,,,,,,,
고환,1,,,,,,,,,
공짜버그,1,,,,,,,,,
공짜캐쉬,1,,,,,,,,,
그룹섹스,1,,,,,,,,,
그지새끼,1,,,,,,,,,
그지좃밥,1,,,,,,,,,
그지좃빱,1,,,,,,,,,
그지좆밥,1,,,,,,,,,
근친,1,,,,,,,,,
근친상간,1,,,,,,,,,
기엉아,1,,,,,,,,,
기형아,1,,,,,,,,,
꼴려,1,,,,,,,,,
꼴리는,1,,,,,,,,,
꼴리다,1,,,,,,,,,
난교,1,,,,,,,,,
넣게벌려,1,,,,,,,,,
넣고싸고,1,,,,,,,,,
네에미,1,,,,,,,,,
년놈,1,,,,,,,,,
니미랄,1,,,,,,,,,
니미럴,1,,,,,,,,,
니미롤,1,,,,,,,,,
니미를,1,,,,,,,,,
니보지,1,,,,,,,,,
니애미,1,,,,,,,,,
니애비,1,,,,,,,,,
니어미,1,,,,,,,,,
니에미,1,,,,,,,,,
니에비,1,,,,,,,,,
니좆,1,,,,,,,,,
대딸,1,,,,,,,,,
딸딸이,1,,,,,,,,,
떡치기,1,,,,,,,,,
떡칠녀,1,,,,,,,,,
룸섹스,1,,,,,,,,,
마스터베이션,1,,,,,,,,,
매춘,1,,,,,,,,,
매춘부,1,,,,,,,,,
몸안에사정,1,,,,,,,,,
몸캠,1,,,,,,,,,
몸켐,1,,,,,,,,,
몸파는,1,,,,,,,,,
뮈칀세끼,1,,,,,,,,,
뮈칀세리,1,,,,,,,,,
뮈칀섹끼,1,,,,,,,,,
뮈친,1,,,,,,,,,
뮈친세리,1,,,,,,,,,
뮈친섹끼,1,,,,,,,,,
뮈친섹이,1,,,,,,,,,
미췬,1,,,,,,,,,
미췬년,1,,,,,,,,,
미췬세끼,1,,,,,,,,,
미췬쉐리,1,,,,,,,,,
미친,1,,,,,,,,,
미친넘,1,,,,,,,,,
미친년,1,,,,,,,,,
미친놈,1,,,,,,,,,
미친뇬,1,,,,,,,,,
미친새끼,1,,,,,,,,,
미친세리,1,,,,,,,,,
미친섹이,1,,,,,,,,,
미친자식,1,,,,,,,,,
미튄,1,,,,,,,,,
미틘,1,,,,,,,,,
미틩,1,,,,,,,,,
미틴,1,,,,,,,,,
미틴뇬,1,,,,,,,,,
밑구녕,1,,,,,,,,,
밑구녕빨기,1,,,,,,,,,
박고싶다,1,,,,,,,,,
박고싶퍼,1,,,,,,,,,
박아줄게,1,,,,,,,,,
박아줄께,1,,,,,,,,,
박을께,1,,,,,,,,,
박을년,1,,,,,,,,,
뱅쉰,1,,,,,,,,,
뱅싄,1,,,,,,,,,
뱅신,1,,,,,,,,,
뱡신,1,,,,,,,,,
버즤,1,,,,,,,,,
버지,1,,,,,,,,,
버지물,1,,,,,,,,,
버짓물,1,,,,,,,,,
번섹,1,,,,,,,,,
번쌕,1,,,,,,,,,
번쎅,1,,,,,,,,,
벙어리,1,,,,,,,,,
벼엉신,1,,,,,,,,,
변섹,1,,,,,,,,,
변태,1,,,,,,,,,
변퇴,1,,,,,,,,,
병쉰,1,,,,,,,,,
병싀,1,,,,,,,,,
병싄,1,,,,,,,,,
병신,1,,,,,,,,,
병씬,1,,,,,,,,,
보오지,1,,,,,,,,,
보쥐,1,,,,,,,,,
보즤,1,,,,,,,,,
보지,1,,,,,,,,,
보지걸,1,,,,,,,,,
보지구녕,1,,,,,,,,,
보지구멍,1,,,,,,,,,
보지나라,1,,,,,,,,,
보지당,1,,,,,,,,,
보지물,1,,,,,,,,,
보지보지,1,,,,,,,,,
보지털,1,,,,,,,,,
보짓년,1,,,,,,,,,
보짓물,1,,,,,,,,,
보짖물,1,,,,,,,,,
보G,1,,,,,,,,,
봉알,1,,,,,,,,,
뵤즤,1,,,,,,,,,
뵤지,1,,,,,,,,,
뵨태,1,,,,,,,,,
뵹딱,1,,,,,,,,,
뵹싄,1,,,,,,,,,
뵹신,1,,,,,,,,,
부랄,1,,,,,,,,,
부부섹스,1,,,,,,,,,
부카케,1,,,,,,,,,
불륜,1,,,,,,,,,
불알,1,,,,,,,,,
붕딱,1,,,,,,,,,
붕딲,1,,,,,,,,,
붕뛴,1,,,,,,,,,
붕싄,1,,,,,,,,,
붕시나,1,,,,,,,,,
붕신,1,,,,,,,,,
붕알,1,,,,,,,,,
붜지,1,,,,,,,,,
붱신,1,,,,,,,,,
뷍슨,1,,,,,,,,,
뷍싄,1,,,,,,,,,
뷍신,1,,,,,,,,,
뷩쉬,1,,,,,,,,,
뷩쉰,1,,,,,,,,,
뷩싄,1,,,,,,,,,
뷩신,1,,,,,,,,,
뷰웅신,1,,,,,,,,,
븅딱,1,,,,,,,,,
븅쉰,1,,,,,,,,,
븅싄,1,,,,,,,,,
븅시,1,,,,,,,,,
븅신,1,,,,,,,,,
븅아,1,,,,,,,,,
브랄,1,,,,,,,,,
블알,1,,,,,,,,,
븡딱,1,,,,,,,,,
븡쉰,1,,,,,,,,,
븡신,1,,,,,,,,,
븽딱,1,,,,,,,,,
븽쉬,1,,,,,,,,,
븽슨,1,,,,,,,,,
븽싄,1,,,,,,,,,
븽시,1,,,,,,,,,
븽신,1,,,,,,,,,
비잉신,1,,,,,,,,,
빙딱,1,,,,,,,,,
빙쉬,1,,,,,,,,,
빙쉰,1,,,,,,,,,
빙싀,1,,,,,,,,,
빙싄,1,,,,,,,,,
빙시,1,,,,,,,,,
빙신,1,,,,,,,,,
빠걸,1,,,,,,,,,
빠구리,1,,,,,,,,,
빠굴,1,,,,,,,,,
빠굴이,1,,,,,,,,,
빠꾸리,1,,,,,,,,,
빠도리,1,,,,,,,,,
빠돌이,1,,,,,,,,,
빠라,1,,,,,,,,,
빠라조,1,,,,,,,,,
빠라줘,1,,,,,,,,,
빠러,1,,,,,,,,,
빠수니,1,,,,,,,,,
빠순이,1,,,,,,,,,
빠큐,1,,,,,,,,,
빡돌,1,,,,,,,,,
빡촌,1,,,,,,,,,
빡큐,1,,,,,,,,,
빨어핥어박어,1,,,,,,,,,
빨자좃,1,,,,,,,,,
빨자좆,1,,,,,,,,,
빽보지,1,,,,,,,,,
빽자지,1,,,,,,,,,
뺑신,1,,,,,,,,,
뺑쒼,1,,,,,,,,,
뺑씬,1,,,,,,,,,
뺘큐,1,,,,,,,,,
뻐어큐,1,,,,,,,,,
뻐큐,1,,,,,,,,,
뻐킹,1,,,,,,,,,
뼝신,1,,,,,,,,,
뽀개,1,,,,,,,,,
뽀로노,1,,,,,,,,,
뽀르나,1,,,,,,,,,
뽀르너,1,,,,,,,,,
뽀르노,1,,,,,,,,,
뽀쥐,1,,,,,,,,,
뽀지,1,,,,,,,,,
뽀쮜,1,,,,,,,,,
뽕알,1,,,,,,,,,
뿅신,1,,,,,,,,,
뿅씬,1,,,,,,,,,
뿡알,1,,,,,,,,,
쁑신,1,,,,,,,,,
삐꾸,1,,,,,,,,,
삥쉰,1,,,,,,,,,
삥쒼,1,,,,,,,,,
삥씬,1,,,,,,,,,
사까시,1,,,,,,,,,
사까치,1,,,,,,,,,
사이버섹스,1,,,,,,,,,
사창가,1,,,,,,,,,
사카시,1,,,,,,,,,
사카치,1,,,,,,,,,
삽쥘,1,,,,,,,,,
삿가시,1,,,,,,,,,
삿까시,1,,,,,,,,,
삿깟시,1,,,,,,,,,
상년,1,,,,,,,,,
상노무,1,,,,,,,,,
상놈,1,,,,,,,,,
새꺄,1,,,,,,,,,
새뀌,1,,,,,,,,,
새끠,1,,,,,,,,,
새끼,1,,,,,,,,,
새뤼,1,,,,,,,,,
새에끼,1,,,,,,,,,
새키,1,,,,,,,,,
새X,1,,,,,,,,,
색갸,1,,,,,,,,,
색걸,1,,,,,,,,,
색골,1,,,,,,,,,
색광,1,,,,,,,,,
색기,1,,,,,,,,,
색꺄,1,,,,,,,,,
색끼,1,,,,,,,,,
색남,1,,,,,,,,,
색녀,1,,,,,,,,,
색마,1,,,,,,,,,
색스,1,,,,,,,,,
색쑤,1,,,,,,,,,
색쓰,1,,,,,,,,,
색캬,1,,,,,,,,,
색키,1,,,,,,,,,
색할,1,,,,,,,,,
색햐,1,,,,,,,,,
색히,1,,,,,,,,,
샊꺄,1,,,,,,,,,
샤불년,1,,,,,,,,,
샤앙년,1,,,,,,,,,
샵년,1,,,,,,,,,
샹넘,1,,,,,,,,,
샹년,1,,,,,,,,,
샹놈,1,,,,,,,,,
샹늠,1,,,,,,,,,
성관계,1,,,,,,,,,
성교,1,,,,,,,,,
성매매,1,,,,,,,,,
성섹스,1,,,,,,,,,
성욕구,1,,,,,,,,,
성인용품,1,,,,,,,,,
성체위,1,,,,,,,,,
성체험,1,,,,,,,,,
성추행,1,,,,,,,,,
성충동,1,,,,,,,,,
성폭력,1,,,,,,,,,
성폭행,1,,,,,,,,,
성행위,1,,,,,,,,,
세게빨아,1,,,,,,,,,
세꺄,1,,,,,,,,,
세뀌,1,,,,,,,,,
세끠,1,,,,,,,,,
세끼,1,,,,,,,,,
세액스,1,,,,,,,,,
세에끼,1,,,,,,,,,
세에쓰,1,,,,,,,,,
세엑,1,,,,,,,,,
세퀴,1,,,,,,,,,
세키,1,,,,,,,,,
섹남,1,,,,,,,,,
섹녀,1,,,,,,,,,
섹마,1,,,,,,,,,
섹보지,1,,,,,,,,,
섹수,1,,,,,,,,,
섹쉬,1,,,,,,,,,
섹슈,1,,,,,,,,,
섹스,1,,,,,,,,,
섹시,1,,,,,,,,,
섹파트너,1,,,,,,,,,
섹하자,1,,,,,,,,,
섹하장,1,,,,,,,,,
섹할,1,,,,,,,,,
섹해,1,,,,,,,,,
섹히,1,,,,,,,,,
섹s,1,,,,,,,,,
수간,1,,,,,,,,,
수음,1,,,,,,,,,
쉑수,1,,,,,,,,,
쉑스,1,,,,,,,,,
쉑쑤,1,,,,,,,,,
쉑쓰,1,,,,,,,,,
쉑캬,1,,,,,,,,,
스와핑,1,,,,,,,,,
스트립쇼,1,,,,,,,,,
스트립쑈,1,,,,,,,,,
스펄,1,,,,,,,,,
십8,1,,,,,,,,,
십넘,1,,,,,,,,,
십녀,1,,,,,,,,,
십놈,1,,,,,,,,,
십때꺄,1,,,,,,,,,
십때끼,1,,,,,,,,,
십떼끼,1,,,,,,,,,
십밸,1,,,,,,,,,
십새,1,,,,,,,,,
십새꺄,1,,,,,,,,,
십새끼,1,,,,,,,,,
십새캬,1,,,,,,,,,
십새키,1,,,,,,,,,
십색,1,,,,,,,,,
십색꺄,1,,,,,,,,,
십색끼,1,,,,,,,,,
십색히,1,,,,,,,,,
십세,1,,,,,,,,,
십세끼,1,,,,,,,,,
십쇄리,1,,,,,,,,,
십쉐,1,,,,,,,,,
십쉐리,1,,,,,,,,,
십쉐이,1,,,,,,,,,
십쉑,1,,,,,,,,,
십쉑히,1,,,,,,,,,
십시끼,1,,,,,,,,,
십쌔,1,,,,,,,,,
십쌔꺄,1,,,,,,,,,
십쎄끼,1,,,,,,,,,
십씨키,1,,,,,,,,,
십알,1,,,,,,,,,
십질,1,,,,,,,,,
십창,1,,,,,,,,,
십탱,1,,,,,,,,,
십탱구리,1,,,,,,,,,
십팔,1,,,,,,,,,
십팔년,1,,,,,,,,,
십팔련,1,,,,,,,,,
십팔연,1,,,,,,,,,
십할,1,,,,,,,,,
십할련,1,,,,,,,,,
싯끼,1,,,,,,,,,
싯빨,1,,,,,,,,,
싯팔,1,,,,,,,,,
싲팔,1,,,,,,,,,
싴팔,1,,,,,,,,,
싵팔,1,,,,,,,,,
싶알,1,,,,,,,,,
싶팔,1,,,,,,,,,
싸발년,1,,,,,,,,,
싸앙넘,1,,,,,,,,,
싸앙녀,1,,,,,,,,,
싸앙년,1,,,,,,,,,
싸줄께,1,,,,,,,,,
싹년,1,,,,,,,,,
쌉년,1,,,,,,,,,
쌍넌,1,,,,,,,,,
쌍넘,1,,,,,,,,,
쌍년,1,,,,,,,,,
쌍념,1,,,,,,,,,
쌍노무,1,,,,,,,,,
쌍놈,1,,,,,,,,,
쌍놈아,1,,,,,,,,,
쌍뇨나,1,,,,,,,,,
쌍뇬,1,,,,,,,,,
쌍뇸,1,,,,,,,,,
쌍뇽,1,,,,,,,,,
쌍뉸,1,,,,,,,,,
쌍연,1,,,,,,,,,
쌔꺄,1,,,,,,,,,
쌔끼,1,,,,,,,,,
쌔리,1,,,,,,,,,
쌔캬,1,,,,,,,,,
쌔키,1,,,,,,,,,
쌕,1,,,,,,,,,
쌕갸,1,,,,,,,,,
쌕걸,1,,,,,,,,,
쌕꺄,1,,,,,,,,,
쌕수,1,,,,,,,,,
쌕스,1,,,,,,,,,
쌕쑤,1,,,,,,,,,
쌕쓰,1,,,,,,,,,
쌩보지,1,,,,,,,,,
쌩포르노,1,,,,,,,,,
쌰앙넘,1,,,,,,,,,
쌰앙녀,1,,,,,,,,,
쌰앙년,1,,,,,,,,,
쌰앙눔,1,,,,,,,,,
쌰앙뉸,1,,,,,,,,,
썁색,1,,,,,,,,,
썅,1,,,,,,,,,
썅넌,1,,,,,,,,,
썅넘,1,,,,,,,,,
썅녀,1,,,,,,,,,
썅년,1,,,,,,,,,
썅놈,1,,,,,,,,,
썅뇬,1,,,,,,,,,
썅연,1,,,,,,,,,
썩을년,1,,,,,,,,,
쎅스,1,,,,,,,,,
쓰글넘,1,,,,,,,,,
쓰글년,1,,,,,,,,,
쓰글놈,1,,,,,,,,,
쓰글늠,1,,,,,,,,,
쓰발,1,,,,,,,,,
쓰발넘,1,,,,,,,,,
쓰벌,1,,,,,,,,,
쓰불,1,,,,,,,,,
쓰뷀,1,,,,,,,,,
쓰블,1,,,,,,,,,
씨댕,1,,,,,,,,,
씨댕년,1,,,,,,,,,
씨뎅,1,,,,,,,,,
씨바,1,,,,,,,,,
씨바라,1,,,,,,,,,
씨박,1,,,,,,,,,
씨발,1,,,,,,,,,
씨발넘,1,,,,,,,,,
씨발년,1,,,,,,,,,
씨발놈,1,,,,,,,,,
씨발놈아,1,,,,,,,,,
씨방새,1,,,,,,,,,
씨방세,1,,,,,,,,,
씨뱔,1,,,,,,,,,
씨벌,1,,,,,,,,,
씨벌년,1,,,,,,,,,
씨벧,1,,,,,,,,,
씨벨년,1,,,,,,,,,
씨벵,1,,,,,,,,,
씨봉,1,,,,,,,,,
씨봉알,1,,,,,,,,,
씨부랄,1,,,,,,,,,
씨부럴,1,,,,,,,,,
씨불,1,,,,,,,,,
씨불년,1,,,,,,,,,
씨불얼,1,,,,,,,,,
씨붕,1,,,,,,,,,
씨뷀,1,,,,,,,,,
씨브,1,,,,,,,,,
씨브랄,1,,,,,,,,,
씨브럴,1,,,,,,,,,
씨블,1,,,,,,,,,
씨블년,1,,,,,,,,,
씨앙년,1,,,,,,,,,
씨양년,1,,,,,,,,,
씨이바,1,,,,,,,,,
씨이발,1,,,,,,,,,
씨이방,1,,,,,,,,,
씨이밸,1,,,,,,,,,
씨이벌,1,,,,,,,,,
씨이빨,1,,,,,,,,,
씨이팔,1,,,,,,,,,
씨입년,1,,,,,,,,,
씨입뇬,1,,,,,,,,,
씨파,1,,,,,,,,,
씨팍,1,,,,,,,,,
씨팏,1,,,,,,,,,
씨팔,1,,,,,,,,,
씨팔년,1,,,,,,,,,
씨펄,1,,,,,,,,,
씹,1,,,,,,,,,
씹8,1,,,,,,,,,
씹넘,1,,,,,,,,,
씹년,1,,,,,,,,,
씹놈,1,,,,,,,,,
씹뇬,1,,,,,,,,,
씹딱꿍,1,,,,,,,,,
씹때꺄,1,,,,,,,,,
씹때끼,1,,,,,,,,,
씹떼,1,,,,,,,,,
씹떼끼,1,,,,,,,,,
씹물,1,,,,,,,,,
씹밸,1,,,,,,,,,
씹벌,1,,,,,,,,,
씹보지,1,,,,,,,,,
씹보지년,1,,,,,,,,,
씹블,1,,,,,,,,,
씹빡,1,,,,,,,,,
씹빨,1,,,,,,,,,
씹뻘,1,,,,,,,,,
씹새,1,,,,,,,,,
씹새꺄,1,,,,,,,,,
씹새끼,1,,,,,,,,,
씹새캬,1,,,,,,,,,
씹새키,1,,,,,,,,,
씹색꺄,1,,,,,,,,,
씹색끼,1,,,,,,,,,
씹색히,1,,,,,,,,,
씹샛길,1,,,,,,,,,
씹생알,1,,,,,,,,,
씹세,1,,,,,,,,,
씹세끼,1,,,,,,,,,
씹세이,1,,,,,,,,,
씹쉐,1,,,,,,,,,
씹쉐리,1,,,,,,,,,
씹쉐이,1,,,,,,,,,
씹쉑,1,,,,,,,,,
씹쉑히,1,,,,,,,,,
씹쌔,1,,,,,,,,,
씹쌔기,1,,,,,,,,,
씹쌔꺄,1,,,,,,,,,
씹쌔끼,1,,,,,,,,,
씹쌔키,1,,,,,,,,,
씹쎄,1,,,,,,,,,
씹쎄끼,1,,,,,,,,,
씹쒜,1,,,,,,,,,
씹씨키,1,,,,,,,,,
씹알,1,,,,,,,,,
씹연,1,,,,,,,,,
씹질,1,,,,,,,,,
씹창,1,,,,,,,,,
씹탱,1,,,,,,,,,
씹탱구리,1,,,,,,,,,
씹팔,1,,,,,,,,,
씹팔년,1,,,,,,,,,
씹팔련,1,,,,,,,,,
씹팔연,1,,,,,,,,,
씹펄,1,,,,,,,,,
씹풀,1,,,,,,,,,
씹할,1,,,,,,,,,
씹할련,1,,,,,,,,,
씹할연,1,,,,,,,,,
씻끼,1,,,,,,,,,
씻발,1,,,,,,,,,
씻벌,1,,,,,,,,,
씻뻘,1,,,,,,,,,
씻퐁,1,,,,,,,,,
씾팔,1,,,,,,,,,
앂년,1,,,,,,,,,
앂팔,1,,,,,,,,,
아이템매니아,1,,,,,,,,,
아이템메니아,1,,,,,,,,,
아이템베이,1,,,,,,,,,
안에사정,1,,,,,,,,,
알몸,1,,,,,,,,,
알몸공개,1,,,,,,,,,
알몸사진,1,,,,,,,,,
알몸쇼,1,,,,,,,,,
애액,1,,,,,,,,,
앰병,1,,,,,,,,,
앰창,1,,,,,,,,,
야녀,1,,,,,,,,,
야동,1,,,,,,,,,
야설,1,,,,,,,,,
엄창,1,,,,,,,,,
에믜,1,,,,,,,,,
에미,1,,,,,,,,,
여자보지,1,,,,,,,,,
염병,1,,,,,,,,,
염병할,1,,,,,,,,,
엿먹,1,,,,,,,,,
엿먹어,1,,,,,,,,,
옘병,1,,,,,,,,,
오나니,1,,,,,,,,,
오랄,1,,,,,,,,,
오럴,1,,,,,,,,,
오럴섹스,1,,,,,,,,,
오르가즘,1,,,,,,,,,
옹녀,1,,,,,,,,,
왕보지,1,,,,,,,,,
왕자지,1,,,,,,,,,
우라질,1,,,,,,,,,
원조교재,1,,,,,,,,,
원조교제,1,,,,,,,,,
원조알바,1,,,,,,,,,
월경,1,,,,,,,,,
유두,1,,,,,,,,,
유방,1,,,,,,,,,
육봉,1,,,,,,,,,
육시랄,1,,,,,,,,,
육시럴,1,,,,,,,,,
윤간,1,,,,,,,,,
윤락,1,,,,,,,,,
음경,1,,,,,,,,,
음담패설,1,,,,,,,,,
음란,1,,,,,,,,,
음순,1,,,,,,,,,
음액,1,,,,,,,,,
음욕,1,,,,,,,,,
입사후장,1,,,,,,,,,
입안사정,1,,,,,,,,,
자위,1,,,,,,,,,
자위기구,1,,,,,,,,,
자위남,1,,,,,,,,,
자위녀,1,,,,,,,,,
자지,1,,,,,,,,,
잡년,1,,,,,,,,,
잡놈,1,,,,,,,,,
잡뇬,1,,,,,,,,,
젓가튼,1,,,,,,,,,
젓같은,1,,,,,,,,,
젓까,1,,,,,,,,,
젓까는,1,,,,,,,,,
젓나,1,,,,,,,,,
젓나게,1,,,,,,,,,
젓마난,1,,,,,,,,,
젓만한,1,,,,,,,,,
젓밥,1,,,,,,,,,
젓빠지게,1,,,,,,,,,
정박아,1,,,,,,,,,
정자,1,,,,,,,,,
젖,1,,,,,,,,,
젖가튼,1,,,,,,,,,
젖같은,1,,,,,,,,,
젖까,1,,,,,,,,,
젖까는,1,,,,,,,,,
젖꼭지,1,,,,,,,,,
젖나게,1,,,,,,,,,
젖도,1,,,,,,,,,
젖마난,1,,,,,,,,,
젖만한,1,,,,,,,,,
젖물,1,,,,,,,,,
젖밥,1,,,,,,,,,
젖빠지게,1,,,,,,,,,
젖탱이,1,,,,,,,,,
젖통,1,,,,,,,,,
조가틍,1,,,,,,,,,
조까,1,,,,,,,,,
조까는,1,,,,,,,,,
조까라,1,,,,,,,,,
조까튼,1,,,,,,,,,
조낸,1,,,,,,,,,
조또,1,,,,,,,,,
조루,1,,,,,,,,,
조빠라,1,,,,,,,,,
조빠지게,1,,,,,,,,,
조빱,1,,,,,,,,,
조옷나,1,,,,,,,,,
조질래,1,,,,,,,,,
조카툰,1,,,,,,,,,
조털,1,,,,,,,,,
족가튼,1,,,,,,,,,
좀물,1,,,,,,,,,
좃,1,,,,,,,,,
좃가튼,1,,,,,,,,,
좃같은,1,,,,,,,,,
좃까,1,,,,,,,,,
좃까는,1,,,,,,,,,
좃까라,1,,,,,,,,,
좃나,1,,,,,,,,,
좃나게,1,,,,,,,,,
좃도,1,,,,,,,,,
좃물,1,,,,,,,,,
좃밥,1,,,,,,,,,
좃빠지게,1,,,,,,,,,
좄까,1,,,,,,,,,
좆,1,,,,,,,,,
좆,1,,,,,,,,,
좆구녕,1,,,,,,,,,
좆까,1,,,,,,,,,
좆까는,1,,,,,,,,,
좆나,1,,,,,,,,,
좆대가리,1,,,,,,,,,
좆도,1,,,,,,,,,
좆물,1,,,,,,,,,
좆밥,1,,,,,,,,,
좇,1,,,,,,,,,
좇까,1,,,,,,,,,
죳,1,,,,,,,,,
죶,1,,,,,,,,,
죶가튼,1,,,,,,,,,
죶빠지게,1,,,,,,,,,
지랄,1,,,,,,,,,
짬지,1,,,,,,,,,
찌찌,1,,,,,,,,,
창남,1,,,,,,,,,
창녀,1,,,,,,,,,
창녀촌,1,,,,,,,,,
창년,1,,,,,,,,,
창뇨,1,,,,,,,,,
창뇬,1,,,,,,,,,
챵녀,1,,,,,,,,,
챵년,1,,,,,,,,,
챵뇬,1,,,,,,,,,
처녀막,1,,,,,,,,,
최음제,1,,,,,,,,,
카섹,1,,,,,,,,,
카섹스,1,,,,,,,,,
캐세끼,1,,,,,,,,,
캐쉬버그,1,,,,,,,,,
캐시버그,1,,,,,,,,,
큰보지,1,,,,,,,,,
큰자지,1,,,,,,,,,
페니스,1,,,,,,,,,
포르노,1,,,,,,,,,
포르노사진,1,,,,,,,,,
포르노섹스,1,,,,,,,,,
폰색,1,,,,,,,,,
폰세엑,1,,,,,,,,,
폰섹,1,,,,,,,,,
폰섹스,1,,,,,,,,,
폰쉑,1,,,,,,,,,
폰쌕,1,,,,,,,,,
폰쎅,1,,,,,,,,,
프리섹스,1,,,,,,,,,
플레이보지,1,,,,,,,,,
한번꽂자,1,,,,,,,,,
한번주께,1,,,,,,,,,
한번줄래,1,,,,,,,,,
핥아주께,1,,,,,,,,,
핧아줄께,1,,,,,,,,,
함대주까,1,,,,,,,,,
함대줄래,1,,,,,,,,,
함빨자,1,,,,,,,,,
항문,1,,,,,,,,,
허벌,1,,,,,,,,,
허벌창,1,,,,,,,,,
호로년,1,,,,,,,,,
호로새끼,1,,,,,,,,,
호로새리,1,,,,,,,,,
호로색,1,,,,,,,,,
호로색끼,1,,,,,,,,,
호로자슥,1,,,,,,,,,
호로자식,1,,,,,,,,,
호모섹기,1,,,,,,,,,
호모쎄끼,1,,,,,,,,,
호빠,1,,,,,,,,,
호스트바,1,,,,,,,,,
호스트빠,1,,,,,,,,,
혼음,1,,,,,,,,,
화냥,1,,,,,,,,,
화냥년,1,,,,,,,,,
화류,1,,,,,,,,,
화양년,1,,,,,,,,,
후레자식,1,,,,,,,,,
후장,1,,,,,,,,,
후장입사,1,,,,,,,,,
ac발,1,,,,,,,,,
x대가리,1,,,,,,,,,
개같은년,1,,,,,,,,,
개좆같은년,1,,,,,,,,,
강아지같은사람아,1,,,,,,,,,
개간나,1,,,,,,,,,
쌍간나,1,,,,,,,,,
개새,1,,,,,,,,,
개씹할,1,,,,,,,,,
개좆,1,,,,,,,,,
광년이,1,,,,,,,,,
걸뱅이,1,,,,,,,,,
꺼져,1,,,,,,,,,
종간나,1,,,,,,,,,
좆간나,1,,,,,,,,,
돌대가리,1,,,,,,,,,
새대가리,1,,,,,,,,,
뒤지다,1,,,,,,,,,
돌아이,1,,,,,,,,,
메갈리아,1,,,,,,,,,
미친년,1,,,,,,,,,
부랄,1,,,,,,,,,
상놈,1,,,,,,,,,
썅년,1,,,,,,,,,
썅놈,1,,,,,,,,,
상년,1,,,,,,,,,
썩을년,1,,,,,,,,,
씹새,1,,,,,,,,,
씹치녀,1,,,,,,,,,
옘병,1,,,,,,,,,
잡년,1,,,,,,,,,
존나,1,,,,,,,,,
창놈,1,,,,,,,,,
추녀,1,,,,,,,,,
한남충,1,,,,,,,,,
한녀충,1,,,,,,,,,
